[nodes];;;;
1;41.1522624;-8.6094413;central;Trindade
2;41.1485443;-8.5985226;true;Campo 24 de Agosto
3;41.1514364;-8.6063681;false;Firmeza
4;41.1494339;-8.6076112;true;Mercado do Bolhão
5;41.1492288;-8.6062713;station;Rua de Santa Catarina
;;;;
[edges];;;;
1;2;10;;
1;3;12;;
1;5;8;;
2;4;14;;
2;5;9;;
3;4;11;;
3;5;13;;
4;5;15;;
